{
  "octree": {
    "maxLevel": 7,
    "maxNoOfPointsInBucket": 5000,
    "spacingFactor": 0.50279871234375,
    "rootNode": {
      "center": [
        10.062750000000001,
        -0.6147499999999999,
        3.346
      ],
      "size": 64.35823518
    }
  },
  "ptAccessorBools": {
    "HasPositionFloat3_64": true,
    "HasColorFloat3_32": true
  },
  "pointType": "Pos64Col32",
  "metaInfo": {
    "offsetX": 374838.0040728498,
    "offsetY": 5634938.011017927,
    "offsetZ": 126.05507617705604,
    "scaleX": 0.0001,
    "scaleY": 0.0001,
    "scaleZ": 0.0001
  }
}