{
  "octree": {
    "maxLevel": 8,
    "maxNoOfPointsInBucket": 5000,
    "spacingFactor": 1.203346103828125,
    "rootNode": {
      "center": [
        42.23025,
        13.773050000000001,
        -17.54405
      ],
      "size": 154.02830129
    }
  },
  "ptAccessorBools": {
    "HasPositionFloat3_64": true,
    "HasColorFloat3_32": true
  },
  "pointType": "Pos64Col32",
  "metaInfo": {
    "offsetX": 374792.0,
    "offsetY": 5634980.0,
    "offsetZ": 110.809,
    "scaleX": 0.0001,
    "scaleY": 0.0001,
    "scaleZ": 0.0001
  }
}