{
  "octree": {
    "maxLevel": 9,
    "maxNoOfPointsInBucket": 5000,
    "spacingFactor": 2.770791895234375,
    "rootNode": {
      "center": [
        31.35895,
        10.4291,
        -40.036550000000005
      ],
      "size": 354.66136259
    }
  },
  "ptAccessorBools": {
    "HasPositionFloat3_64": true,
    "HasColorFloat3_32": true
  },
  "pointType": "Pos64Col32",
  "metaInfo": {
    "offsetX": 374895.0,
    "offsetY": 5634810.0,
    "offsetZ": 112.437,
    "scaleX": 0.0001,
    "scaleY": 0.0001,
    "scaleZ": 0.0001
  }
}