{
  "octree": {
    "maxLevel": 6,
    "maxNoOfPointsInBucket": 10000,
    "spacingFactor": 0.47507719046875,
    "rootNode": {
      "center": [
        5.071350000000001,
        12.3665,
        0.7266000000000012
      ],
      "size": 60.80988038
    }
  },
  "ptAccessorBools": {
    "HasPositionFloat3_64": true
  },
  "pointType": "Pos64",
  "metaInfo": {
    "offsetX": 375107.9307418741,
    "offsetY": 5634223.336912037,
    "offsetZ": 122.55494224060737,
    "scaleX": 0.0001,
    "scaleY": 0.0001,
    "scaleZ": 0.0001
  }
}